name,age,gender,profession,salary
Timothy Little,52,Femme,Ingenieur,86028
Isaiah Humphrey,40,Femme,Medecin,60531
Wayne Reid,39,Homme,Enseignant,71407
Larry Kramer,24,Femme,Medecin,31731
Bryan Vaughn,60,Femme,Medecin,39388
Susan Daniels,42,Femme,Artiste,65988
Anthony Mckinney,42,Femme,Artiste,80452
Erica Watts,60,Homme,Enseignant,91490
Jennifer Davis,37,Homme,Vendeur,80944
Casey Murphy,47,Homme,Enseignant,67054
Scott Jackson MD,38,Homme,Medecin,94640
Yvette Kennedy,56,Femme,Ingenieur,57490
Catherine Mullins,54,Homme,Enseignant,98025
Felicia Bennett,22,Homme,Vendeur,47525
Joshua Gray,30,Homme,Vendeur,81169
Arthur Perez,29,Femme,Medecin,90794
Alan Collins,56,Homme,Vendeur,52492
Micheal Martin,49,Homme,Enseignant,99098
Sophia Weiss,32,Homme,Vendeur,86095
Stephen Cox,27,Homme,Artiste,66855
Tammy Cruz,39,Homme,Enseignant,57011
Raymond Hall,55,Homme,Ingenieur,84102
Andrea Woods,49,Homme,Vendeur,36255
Thomas Pugh,38,Homme,Ingenieur,48640
Richard Vasquez,41,Homme,Ingenieur,77288
Jennifer Calderon,36,Homme,Vendeur,81118
Michael Green,44,Femme,Medecin,76006
Jeffery Mccarthy,34,Femme,Artiste,32092
Kevin Beck,52,Femme,Vendeur,84520
Richard Alvarez,49,Homme,Artiste,89218
Margaret Franklin,38,Femme,Ingenieur,65773
Brittany Espinoza,28,Homme,Ingenieur,69781
Michael Humphrey,46,Homme,Vendeur,69781
John Day,51,Homme,Medecin,39388
Gina Wagner,27,Femme,Vendeur,89009
Sheri Mccormick,28,Femme,Medecin,84482
Joshua Marquez,33,Femme,Ingenieur,59281
Jeffrey Hill,51,Femme,Vendeur,82079
Karen Sullivan,45,Homme,Enseignant,82145
Jill Lucero,60,Homme,Enseignant,72375
Hunter Reynolds,53,Femme,Artiste,58608
Jennifer Webb,47,Femme,Ingenieur,69446
Danielle Martin,35,Femme,Vendeur,69781
Katie Park,22,Homme,Medecin,69307
Matthew Gomez,53,Homme,Ingenieur,34798
Stephen Taylor,45,Femme,Artiste,85293
Sandra Stone,22,Femme,Artiste,76086
Bonnie Sanders,47,Homme,Ingenieur,91511
Marissa Moore,42,Femme,Medecin,56694
Mrs. Erin Phillips,31,Homme,Artiste,54716
Brian Hall,55,Femme,Ingenieur,92833
Crystal Bender,46,Homme,Enseignant,81057
Terry Kline,27,Femme,Medecin,98332
Toni Dunn,44,Homme,Vendeur,57011
Christopher Watson,49,Femme,Ingenieur,72612
Theresa Robertson,21,Homme,Vendeur,95647
George Padilla,41,Homme,Artiste,30758
Tanner Stuart,33,Femme,Enseignant,87937
Christian Brown,31,Homme,Artiste,86806
Mitchell Owens,40,Femme,Artiste,61474
Ruth Fowler,32,Femme,Enseignant,37912
Kevin Herrera,60,Homme,Medecin,97395
Patricia Bennett,51,Femme,Artiste,83446
Tyler Walters,27,Homme,Artiste,70495
Michael Holmes,30,Femme,Vendeur,76645
Cory Sanders,26,Homme,Medecin,64696
Mrs. Karen Brewer,52,Femme,Vendeur,61421
Margaret Brown,49,Femme,Medecin,61225
Jonathan Kaufman,50,Femme,Enseignant,45242
Miranda Patterson,23,Femme,Vendeur,83201
Kim Knight,51,Homme,Ingenieur,98332
Jacob Watson,55,Homme,Ingenieur,79826
Stephanie Kelley,44,Homme,Medecin,63246
Cheryl Meza,46,Femme,Ingenieur,67262
Kathleen Morgan,42,Femme,Artiste,91628
Andrew Davis,23,Homme,Artiste,44873
Christine Coleman,33,Femme,Enseignant,32672
Sarah Dalton,20,Homme,Enseignant,67339
Kevin Fowler,25,Femme,Enseignant,42152
Angela George,42,Femme,Medecin,88447
John Tucker,50,Homme,Medecin,82084
Jessica Martin,48,Femme,Artiste,51803
James Strickland,35,Femme,Vendeur,47268
Kayla Burns,34,Homme,Medecin,63102
Edward Miller,54,Femme,Vendeur,35495
Rebecca Perkins,46,Femme,Enseignant,67262
Evan Brown,57,Homme,Ingenieur,95266
Linda Buchanan,57,Homme,Enseignant,49227
James Jacobs,60,Femme,Enseignant,65191
Kara Parker,36,Homme,Enseignant,87240
Bobby Kent,52,Femme,Medecin,82063
David Conley,30,Homme,Ingenieur,93929
Garrett Young,43,Femme,Medecin,53978
Timothy Hall,53,Homme,Artiste,73806
Mary Knight,42,Homme,Medecin,50126
Justin Schwartz,31,Homme,Ingenieur,64589
Kimberly Perkins,29,Femme,Vendeur,42116
Anthony Kramer DDS,51,Homme,Ingenieur,58892
Rebecca Lopez,47,Homme,Medecin,82079
Caitlin Hood,56,Homme,Ingenieur,46646
Amanda Casey,52,Femme,Vendeur,94943
Dominic Lewis,27,Homme,Ingenieur,45334
Gregory Larsen,57,Homme,Vendeur,38948
Benjamin Valdez,25,Homme,Artiste,93123
Jacqueline Sullivan,22,Femme,Vendeur,58474
Timothy Powell,48,Homme,Vendeur,34798
Steve Miller,27,Homme,Medecin,75146
William Porter,21,Femme,Enseignant,41557
Steven Ellison,34,Femme,Enseignant,86806
Thomas Reynolds,31,Femme,Enseignant,83446
Steven Molina,53,Homme,Enseignant,82543
Eric Jackson,34,Femme,Artiste,63398
Cory Mcclain,29,Homme,Enseignant,77677
Erin Wallace MD,54,Femme,Medecin,97519
Wanda Ortiz,58,Homme,Ingenieur,91101
Anthony Lawson,43,Homme,Ingenieur,76218
Carlos Rivera,20,Femme,Artiste,30985
Jordan Harrison,32,Homme,Enseignant,39506
Keith Rogers,57,Homme,Ingenieur,73806
Samantha Jones,57,Homme,Enseignant,77761
Eric Morris,54,Homme,Artiste,39757
Chad Ellis,31,Homme,Ingenieur,68248
Jeremy Thornton,30,Homme,Artiste,48652
Sarah Myers,47,Homme,Vendeur,80538
Christina Pineda,33,Homme,Ingenieur,40503
Austin Mcclain,46,Homme,Vendeur,47909
Jeremy Butler,58,Homme,Enseignant,35000
Kevin Rodriguez,37,Homme,Artiste,93329
Jill Smith,53,Homme,Medecin,66999
Bryan Herrera,45,Femme,Ingenieur,37153
Danielle Hunter,37,Femme,Vendeur,78871
Jackie Baker,37,Homme,Vendeur,78310
Susan Ford,32,Homme,Vendeur,76166
David Koch,23,Femme,Enseignant,54500
Lauren Graham,48,Femme,Enseignant,33559
Brandy King,35,Femme,Ingenieur,46342
Sierra Clark,29,Homme,Artiste,83032
Brenda Palmer,20,Homme,Enseignant,70781
Jake Pena,34,Homme,Ingenieur,77677
Carol Rosario,21,Femme,Artiste,43516
Jennifer Johnson,57,Femme,Medecin,38820
Matthew Cooper,26,Homme,Artiste,79606
Gregory Aguilar,29,Femme,Vendeur,55440
Daniel Martinez,57,Femme,Artiste,57113
Michael Reed,49,Homme,Enseignant,36255
Michael Smith,31,Femme,Artiste,89827
Curtis Ross,41,Homme,Enseignant,93992
Anthony Dennis,54,Femme,Medecin,97519
George Love,49,Homme,Medecin,81223
Timothy Brown,38,Femme,Artiste,76086
Stephanie Gray,32,Femme,Vendeur,80984
Rhonda Bruce,34,Femme,Artiste,99847
Michael Barnes,20,Femme,Vendeur,90794
Karen Lang,41,Femme,Artiste,55640
Steven Taylor,20,Femme,Medecin,54676
Anthony Fitzgerald,22,Homme,Enseignant,63939
Victor Sharp,39,Femme,Vendeur,86572
Christina Campbell,26,Homme,Enseignant,76684
Nathan Brown,42,Homme,Medecin,78310
Emily Cruz,57,Homme,Ingenieur,45089
Ashley Rice,39,Homme,Artiste,93609
Rose Jackson,27,Homme,Artiste,63268
Pedro Wheeler,52,Femme,Medecin,76923
Brittany Zimmerman,37,Femme,Medecin,43025
Robert George,55,Homme,Artiste,54177
John Griffin,40,Homme,Artiste,88447
Melissa Simmons,46,Femme,Vendeur,42485
Edward Goodwin,50,Homme,Enseignant,49222
Elizabeth Fitzpatrick,41,Femme,Ingenieur,64408
Jill Mejia,43,Homme,Ingenieur,36261
Eric Krueger,55,Femme,Vendeur,37289
Heidi Smith,21,Homme,Artiste,54100
Autumn White,29,Homme,Ingenieur,92254
Scott Rivera,34,Homme,Artiste,67054
Dawn Gould,25,Femme,Artiste,91764
Laura Schwartz,40,Homme,Medecin,98668
Rachel Mata,59,Homme,Medecin,58811
Jacob Williams,27,Femme,Medecin,67702
Stacey Madden,28,Femme,Medecin,73468
Sonya Haley,48,Homme,Vendeur,78837
Amy Hernandez,56,Homme,Enseignant,95752
Dr. Thomas Evans MD,53,Femme,Ingenieur,42423
Kathleen Wilson,50,Homme,Vendeur,62621
Glenda Moore,23,Femme,Vendeur,82018
Stacey Smith,45,Femme,Enseignant,43260
Sarah Ochoa,33,Femme,Vendeur,71102
Erica Smith,56,Homme,Enseignant,32153
Jasmine Shelton,27,Femme,Artiste,60995
Frederick Melendez,24,Femme,Ingenieur,42459
Melissa Burch,20,Femme,Vendeur,81026
Garrett Alexander,43,Femme,Artiste,44083
Amy Swanson,30,Homme,Medecin,63542
Mark Carter,32,Femme,Ingenieur,70495
Mary Patton,44,Femme,Vendeur,74995
Julie Welch,27,Homme,Vendeur,81435
Sarah Parker,55,Homme,Vendeur,89860
Noah Gonzalez,42,Homme,Vendeur,46100
Steven Daugherty,34,Femme,Ingenieur,55339
Alexis Campbell,25,Femme,Enseignant,60531
Laurie Hurst,40,Homme,Enseignant,38276
Christopher Torres,33,Homme,Ingenieur,95310
Lisa Kane,45,Femme,Vendeur,90192
Amy Richard,54,Femme,Medecin,98789
Kayla Zavala,36,Homme,Ingenieur,99231
Paul Smith,57,Homme,Medecin,34798
Martin Hill,23,Homme,Medecin,96633
Lisa Donaldson,41,Femme,Vendeur,81366
Denise Coleman,44,Femme,Artiste,60512
Matthew Robbins,32,Femme,Artiste,36250
Elizabeth Kirby,22,Homme,Enseignant,92249
Jane Wolfe,44,Femme,Medecin,51803
Derrick Alvarez,29,Femme,Enseignant,58795
Charles Knight,39,Homme,Enseignant,38612
Brittany Gibson,31,Femme,Enseignant,32124
Sara Tyler,35,Femme,Ingenieur,50631
Patricia Jennings,58,Femme,Enseignant,46375
Cynthia Moore,44,Homme,Vendeur,55108
Samantha Gilbert,45,Homme,Artiste,78695
John Quinn,42,Femme,Medecin,49809
Betty Patrick,24,Homme,Medecin,94943
Tammy Wise,51,Femme,Artiste,41517
Lori Smith,28,Homme,Enseignant,66746
Denise Ray,49,Femme,Artiste,90192
Lisa Turner,58,Femme,Artiste,61329
Nicholas Craig,47,Homme,Medecin,68049
Tara Ortega,49,Femme,Ingenieur,62301
Bailey Haas,54,Femme,Vendeur,75567
Jason Simpson,39,Homme,Artiste,78091
Jessica Wolfe,41,Homme,Ingenieur,88534
Michelle Douglas,57,Femme,Medecin,59125
Stephanie Cross,46,Femme,Enseignant,40503
Heather Brown,39,Homme,Artiste,35507
Zachary Oliver,21,Homme,Medecin,80473
Leslie Sanchez,52,Homme,Medecin,79881
William Wood,54,Femme,Artiste,97386
Brandon Adams,59,Homme,Artiste,87937
Richard Fisher,39,Homme,Enseignant,89835
Randall Stafford,45,Homme,Ingenieur,64795
Shannon Perry,42,Femme,Vendeur,63139
Christian Williams,50,Femme,Artiste,66999
Alex Garcia,49,Femme,Vendeur,55934
Frederick Miller,37,Femme,Ingenieur,55440
Eric Gomez,31,Homme,Medecin,75146
Dr. Charles Vaughn,52,Femme,Medecin,97569
Lauren Meyers,57,Homme,Medecin,99810
Jennifer Martinez,54,Homme,Enseignant,76627
Amanda Huber,23,Femme,Vendeur,31554
Zachary Hall,53,Homme,Ingenieur,47909
Kevin Ball,49,Homme,Vendeur,48528
William Jones,21,Homme,Medecin,70814
Jean Becker,45,Femme,Vendeur,63706
Willie Ramirez,31,Femme,Artiste,35485
Jessica Wilkerson,54,Femme,Artiste,39757
Angela Salinas,20,Homme,Vendeur,33034
Kelsey Weeks,43,Femme,Ingenieur,98668
Madison Anderson,54,Femme,Enseignant,67417
Clinton Brown,34,Femme,Medecin,83788
Dan Monroe MD,46,Homme,Medecin,55871
Amanda Ho,25,Homme,Artiste,46384
William Flores,46,Femme,Medecin,63939
Erica Brooks,33,Femme,Enseignant,79865
Michael Thomas,59,Femme,Medecin,86908
Jessica Patel DDS,60,Femme,Ingenieur,81084
Carolyn Wood,48,Homme,Enseignant,67054
Miguel Ross,44,Femme,Vendeur,99042
Karen Austin,43,Femme,Artiste,74428
Lee Schaefer,43,Femme,Enseignant,49243
Alex Gray,23,Homme,Medecin,44319
Daniel Walters,35,Femme,Enseignant,66468
Alicia Hernandez,23,Femme,Ingenieur,69781
Sarah Burgess,34,Femme,Vendeur,96006
Bruce Bailey,54,Femme,Vendeur,89334
Tina Clements,38,Femme,Medecin,47909
Patricia Jefferson,58,Homme,Artiste,41760
Julie Key,56,Homme,Vendeur,99192
Joanna Rocha,49,Homme,Vendeur,80412
Erin Nelson,49,Homme,Artiste,83446
Paige Hahn,40,Femme,Medecin,37510
Kevin Carrillo,29,Homme,Artiste,90744
Wendy Williams,53,Femme,Artiste,87690
Cheryl Reynolds,52,Femme,Medecin,47488
Mark Wagner,27,Femme,Vendeur,64379
Nicole Reynolds,47,Femme,Vendeur,81118
Amy Lee,27,Femme,Medecin,67176
Mary Austin,21,Homme,Artiste,31554
Marcus Daniels,20,Homme,Medecin,94986
Ryan Cruz,23,Homme,Ingenieur,81118
John Austin,50,Homme,Artiste,81223
Justin Delgado,37,Femme,Artiste,91058
Randy Nelson,45,Femme,Enseignant,82311
Sheryl Wilson,53,Homme,Enseignant,39757
Lynn Jacobson,34,Femme,Medecin,83964
Joyce Saunders,54,Femme,Artiste,81026
Jonathan Brennan,50,Homme,Vendeur,57089
Charles Yoder,60,Femme,Medecin,93992
Joanna Harris,34,Homme,Enseignant,36255
Christina Villa,52,Femme,Artiste,81485
Alexa Hawkins,48,Homme,Artiste,46641
Heidi Little,42,Homme,Ingenieur,99007
Gregory Miller,52,Homme,Vendeur,50923
Bruce Bryant,57,Homme,Vendeur,55199
Shannon Farley,32,Homme,Medecin,88534
David Williamson,50,Homme,Ingenieur,85845
Daniel Williams,57,Femme,Artiste,94817
Michael Green,39,Homme,Enseignant,72672
Rose Parks,49,Homme,Enseignant,53997
John Woodard,27,Homme,Vendeur,36814
Elizabeth Serrano,48,Femme,Vendeur,77854
Adam Williamson,20,Homme,Artiste,66142
Jacob Diaz,59,Femme,Ingenieur,37956
Joshua Ward,41,Femme,Artiste,94767
Russell Parsons,54,Femme,Vendeur,54528
Victoria Caldwell,43,Homme,Artiste,81728
Todd Martin,41,Femme,Medecin,86862
Kathleen Graves,56,Homme,Vendeur,34085
Tracy Gillespie,20,Homme,Artiste,93392
Adam Flowers,52,Femme,Ingenieur,76890
Erica Macias,31,Femme,Ingenieur,80772
Dakota Thompson,50,Homme,Medecin,47460
Heather Scott,51,Femme,Artiste,34798
William Armstrong,25,Femme,Enseignant,47123
Scott Reed,38,Femme,Medecin,33876
Frank Espinoza,35,Homme,Enseignant,61776
Cameron Bradford,34,Femme,Enseignant,76679
Daniel Rose,49,Femme,Ingenieur,64589
Nicole Meyer,23,Homme,Medecin,36795
Taylor Cox,48,Femme,Enseignant,55856
Sarah Thompson,58,Homme,Medecin,41517
Holly Riley,52,Homme,Ingenieur,69903
Ernest Smith,25,Femme,Enseignant,59125
Edward Blake,59,Femme,Medecin,87700
Michael Moran,56,Homme,Ingenieur,46370
Jennifer Davis,29,Homme,Ingenieur,43733
Heather Sanchez,54,Femme,Ingenieur,82528
Cindy Hall,43,Homme,Enseignant,66489
Charles Armstrong,53,Homme,Vendeur,90395
Cassandra Hicks,37,Homme,Artiste,55934
Johnny Weber,36,Femme,Vendeur,47621
Justin Garcia,50,Femme,Vendeur,53727
Ryan Wyatt,52,Femme,Artiste,59281
Kathleen Mcgee,53,Femme,Vendeur,53636
David Underwood,50,Homme,Ingenieur,95299
Karl Newman,34,Homme,Medecin,92249
Linda Roberts,47,Femme,Medecin,60887
Eric Johnson,58,Femme,Vendeur,47858
David Johnson,43,Homme,Vendeur,38958
Mrs. Jamie Aguilar,29,Homme,Vendeur,98025
Briana Bartlett,47,Homme,Artiste,64121
Kathryn Gordon,51,Femme,Enseignant,97934
Cody Compton,48,Homme,Artiste,58892
Ann Baldwin,57,Homme,Ingenieur,69781
Crystal Dorsey,54,Femme,Ingenieur,47488
Alyssa Gonzalez,49,Femme,Ingenieur,85293
Adam Ramirez,55,Femme,Artiste,36226
Melanie Rivera,43,Homme,Medecin,55339
Frank Ray,30,Homme,Ingenieur,64055
Jo Phillips,49,Homme,Ingenieur,99280
Amy Cox,20,Femme,Artiste,92432
David Benitez,23,Femme,Artiste,43733
Jeremy West,47,Femme,Enseignant,89203
Kimberly Patterson,33,Femme,Ingenieur,86057
Susan Rangel,50,Femme,Ingenieur,74343
Gail James,47,Homme,Ingenieur,95647
Andrew Mcintyre,31,Femme,Ingenieur,41665
Christopher Vasquez,20,Homme,Enseignant,99521
Kelly Stephens,29,Femme,Vendeur,61474
Vernon Anderson,47,Homme,Vendeur,83446
John Garrett,46,Femme,Ingenieur,87813
Dr. Garrett Johnson,21,Homme,Vendeur,36250
Holly Thornton,38,Femme,Vendeur,78734
Dr. Nicholas King,44,Homme,Artiste,50085
Jennifer Thompson,54,Homme,Enseignant,89152
Katherine Neal,54,Homme,Artiste,45640
Veronica Clark,47,Femme,Artiste,81499
Nancy Nguyen,23,Homme,Medecin,71750
Dennis Parker,23,Homme,Ingenieur,30303
Deanna Keith,56,Homme,Medecin,59092
Sarah Pierce,21,Femme,Ingenieur,47621
John Guerrero,24,Femme,Artiste,40242
Danielle Richardson,52,Homme,Medecin,88399
Amanda Pearson,32,Femme,Enseignant,95299
Scott Mccarthy,49,Homme,Enseignant,34008
Maria Stephens,21,Homme,Enseignant,86229
Valerie Crawford,27,Homme,Artiste,61164
Rebecca Ramos,59,Femme,Ingenieur,81086
Bethany Galvan,54,Homme,Vendeur,40950
Kyle Smith,33,Femme,Ingenieur,63706
Ms. Tonya Cline,29,Femme,Vendeur,39036
Monica Leonard,58,Femme,Enseignant,89321
Albert Brown,50,Femme,Medecin,84102
John Johnson,31,Homme,Ingenieur,86806
Danny Bates,32,Femme,Artiste,51237
Joan Reyes,21,Femme,Medecin,64408
Daniel Webster,53,Femme,Ingenieur,84928
William Hamilton,44,Femme,Medecin,83980
Daniel Nichols,49,Homme,Enseignant,95041
Kenneth Miller,46,Homme,Medecin,72453
Theresa Young,34,Homme,Medecin,98080
Susan Gilbert,26,Femme,Medecin,35495
Amy Marquez,47,Homme,Enseignant,43451
Alexandra Mckinney,49,Homme,Medecin,43733
Anthony Long,25,Homme,Vendeur,57259
Stephanie Smith,55,Femme,Ingenieur,63246
Kathryn Blake,51,Homme,Artiste,31026
Taylor Paul,25,Homme,Medecin,53075
Miss Stephanie Miller,49,Femme,Artiste,62577
Bailey Collins,60,Femme,Enseignant,64376
Ashlee Roberts,53,Femme,Ingenieur,39956
Mr. Scott Hall,50,Homme,Artiste,66468
Sandra Graham,33,Femme,Medecin,63480
Walter Johnson,56,Femme,Artiste,51890
Natalie Carter,51,Femme,Enseignant,36814
Collin Richardson,24,Femme,Artiste,79865
Ronald Williams,23,Femme,Artiste,86065
Scott Mcdowell,58,Homme,Vendeur,64535
David Huber,49,Femme,Enseignant,71523
Kaitlyn Parker,35,Femme,Enseignant,82370
Mark Higgins,23,Femme,Medecin,80401
Daniel Johnson DVM,52,Homme,Ingenieur,55934
Margaret Meyers,42,Femme,Artiste,58811
Dr. Robert Garcia,43,Femme,Artiste,54500
Sarah Lewis,49,Femme,Enseignant,66000
Matthew Hernandez,55,Femme,Ingenieur,62621
Michael Meyer,39,Femme,Enseignant,69103
Brittany Robinson,31,Femme,Vendeur,31616
Tina Ramos,42,Homme,Artiste,97499
Sarah Mendoza,56,Homme,Enseignant,71269
John Herman,31,Femme,Vendeur,31026
Lindsay Howard,24,Femme,Vendeur,69103
Samuel Hinton,35,Femme,Ingenieur,64663
Susan Simpson,53,Homme,Medecin,38958
Donna Terry,54,Homme,Enseignant,74803
Melissa Carpenter,44,Homme,Medecin,43560
Jennifer Long,42,Homme,Enseignant,31895
Andrew Page,51,Homme,Medecin,30985
Justin Scott,20,Femme,Ingenieur,49623
Ashley Gomez,33,Homme,Medecin,76166
Micheal Carlson,40,Homme,Ingenieur,86229
Heidi Davis,32,Femme,Ingenieur,55892
Steven Walls,22,Homme,Vendeur,89321
Janice Bell,47,Homme,Medecin,87873
Lance Wade,38,Femme,Vendeur,70858
Donna Allison DDS,38,Homme,Ingenieur,43560
Scott Boyer,59,Homme,Artiste,95368
Jackie Ruiz,31,Femme,Ingenieur,39251
Christine Harrington,45,Femme,Artiste,84394
April Brown,44,Homme,Ingenieur,73776
Joseph Moran,38,Femme,Ingenieur,34194
Richard Woods,52,Homme,Ingenieur,55980
Jasmine Gibbs,54,Femme,Enseignant,62911
Amanda Little,44,Homme,Artiste,47909
Karen Nelson,55,Homme,Vendeur,72950
Ruth Bowen,31,Femme,Artiste,70481
Courtney Donovan,36,Femme,Medecin,48632
James James,57,Femme,Ingenieur,36911
Sarah Williams,59,Femme,Vendeur,61421
Teresa Barnes,54,Homme,Medecin,83756
Michael Lopez,28,Femme,Medecin,81959
William Alexander,40,Homme,Artiste,93569
Lisa Macias,47,Homme,Vendeur,94993
Natalie Wells,33,Femme,Enseignant,95200
James Johnson,25,Homme,Vendeur,64341
Gary Boone,31,Homme,Enseignant,41461
Erin Acevedo,58,Homme,Medecin,79881
Aaron Smith,55,Femme,Vendeur,83259
Jamie Lawrence,30,Femme,Ingenieur,84482
Nicholas Strickland,40,Femme,Ingenieur,49243
Ashley Leblanc,30,Femme,Enseignant,68809
Bridget Bird,31,Homme,Enseignant,89474
Christopher Carson,57,Femme,Vendeur,75563
Jon Hayes,44,Femme,Vendeur,67724
Melissa Rodriguez,46,Femme,Ingenieur,93929
Bridget Carey,37,Homme,Ingenieur,46370
Jessica Knight,44,Femme,Enseignant,47544
Amy Davis,27,Homme,Medecin,61422
Alexis Mcdaniel,51,Femme,Medecin,42083
Jimmy Oneal,39,Homme,Vendeur,66999
Elizabeth Alexander,26,Homme,Artiste,72845
Natalie Taylor,34,Femme,Ingenieur,61553
Brittany Spencer,55,Femme,Vendeur,45702
Briana Hernandez,60,Homme,Medecin,88650
Jonathan Ortiz,36,Femme,Ingenieur,48652
Dan Stephens,59,Homme,Artiste,34648
Jennifer Mathis,44,Femme,Enseignant,79606
Dr. Joshua Glover,58,Homme,Enseignant,81657
Brandon Lee,41,Homme,Artiste,35566
Jordan Conrad,56,Homme,Enseignant,53642
Kenneth Cooper,52,Homme,Enseignant,70810
Christopher Vasquez,45,Femme,Enseignant,98831
Michael Bush,35,Homme,Artiste,78785
Sharon Braun,55,Homme,Artiste,42460
Yolanda Walker,37,Femme,Enseignant,35043
Patricia Hall,46,Femme,Enseignant,63939
Maria Garcia,45,Homme,Ingenieur,64055
Elizabeth Russell,38,Homme,Vendeur,44569
William Perez,43,Femme,Artiste,43733
Jacob Villanueva,20,Femme,Enseignant,46702
Joan Johnston,25,Femme,Medecin,82942
Jennifer Wells,20,Femme,Vendeur,99098
William Houston,39,Femme,Enseignant,76851
Rodney White,32,Femme,Medecin,97934
Michaela Bender,35,Homme,Vendeur,85293
Anthony Mcconnell,24,Homme,Medecin,96575
Chris Molina,38,Homme,Vendeur,43282
Victoria Lewis,21,Femme,Artiste,87690
Cristina Logan MD,41,Homme,Vendeur,39825
Sean West,41,Femme,Artiste,81599
Olivia Daniel,59,Homme,Medecin,98872
Mary Rose,36,Homme,Artiste,39506
Ryan Ramos,52,Homme,Medecin,64289
Mitchell Mann,49,Femme,Ingenieur,86979
Anthony Collins,44,Homme,Medecin,63912
Shawn Nicholson,29,Homme,Artiste,94832
Michael Graves,27,Homme,Enseignant,62854
Pamela Allen,52,Homme,Ingenieur,74557
Kenneth Parks,58,Femme,Medecin,86146
Jordan Mullins,57,Femme,Artiste,75673
Blake Willis,45,Homme,Artiste,61164
Michael Brooks,21,Homme,Ingenieur,86056
Renee Perez,30,Femme,Enseignant,97207
Timothy Black,45,Femme,Ingenieur,99319
Justin Dunn,34,Homme,Medecin,31554
Kristen Pearson,46,Femme,Ingenieur,78554
Mark Tyler,21,Femme,Ingenieur,46960
Mrs. Shannon White,35,Femme,Enseignant,94350
Dominic Adams MD,60,Femme,Ingenieur,50804
Joshua Schmidt,30,Femme,Enseignant,76448
Angela Watkins,24,Homme,Vendeur,73431
Pamela Wood,58,Femme,Artiste,81435
Tiffany Bass,58,Femme,Medecin,51111
Austin Thompson,57,Homme,Enseignant,82293
Jesse Wilson,59,Femme,Artiste,78091
Nichole Hill,41,Femme,Medecin,98872
Susan Nelson,22,Femme,Artiste,63027
Brian Eaton,48,Homme,Vendeur,57113
Stephen Valentine,45,Homme,Medecin,40503
Tina Fowler,23,Homme,Vendeur,36795
Jeffery Brown,51,Femme,Ingenieur,86028
Patrick Soto,21,Femme,Medecin,68248
Rachel Torres,30,Homme,Vendeur,91147
Vincent Rogers,34,Homme,Ingenieur,83458
Christopher Alexander,57,Femme,Enseignant,71269
Joyce Campos,58,Femme,Ingenieur,53358
Karen Scott,35,Homme,Medecin,43869
Johnny Moyer,43,Homme,Enseignant,67254
Paula Foster,46,Homme,Artiste,73261
Dana Davis,43,Femme,Medecin,88447
Paul Rogers,45,Homme,Enseignant,61182
Daniel Williams Jr.,30,Femme,Enseignant,94986
Adriana Burgess,20,Femme,Artiste,95847
Shawna Davis,59,Femme,Vendeur,47488
Jacqueline Russell,30,Femme,Vendeur,31731
Sara Rodriguez,48,Femme,Artiste,68774
Christopher Cruz,38,Femme,Vendeur,95848
Amber Villarreal,21,Femme,Artiste,66000
Lydia Davis,43,Homme,Artiste,95988
Tammy Horton,23,Homme,Enseignant,36911
Thomas Wood,33,Homme,Medecin,38012
William Myers,44,Femme,Vendeur,64376
Daniel Brown,23,Homme,Artiste,77615
James Hernandez,23,Homme,Ingenieur,77854
Gary Edwards,32,Homme,Vendeur,96954
Barbara Alvarez,43,Homme,Medecin,40241
Ashley Williams,47,Femme,Ingenieur,90462
Brent Watson,24,Femme,Enseignant,98831
Sarah Atkins,30,Homme,Medecin,95310
Nicole Gray,39,Homme,Medecin,43443
Elizabeth Moore,47,Femme,Enseignant,71750
Jesse Lam,21,Femme,Ingenieur,66311
Ralph Jones,50,Homme,Vendeur,82421
Ashley Hanson,38,Femme,Ingenieur,76768
Christopher Bailey,40,Homme,Ingenieur,79864
Sharon West,59,Femme,Enseignant,98578
Mandy Gutierrez,49,Femme,Medecin,66855
Brian Nguyen,28,Femme,Ingenieur,63392
Patrick Jones,45,Femme,Enseignant,48652
Craig Young,22,Femme,Artiste,72707
Janet Poole,54,Homme,Enseignant,54100
Robert Pierce Jr.,32,Femme,Medecin,44319
Steven Vega,33,Homme,Ingenieur,41548
Bradley Tate,30,Femme,Vendeur,55339
Jennifer Parker,35,Homme,Artiste,92629
Brian Mccoy,33,Homme,Vendeur,65237
Brittany Jarvis,24,Homme,Vendeur,32453
Joseph Garcia,29,Femme,Vendeur,45640
Robert Harris,50,Homme,Ingenieur,73759
Jacob Green,34,Femme,Artiste,31026
Ashley Acosta DDS,27,Homme,Ingenieur,97265
Kenneth Coleman,54,Femme,Enseignant,58578
Carrie Jones,51,Homme,Medecin,88242
Philip Jones,57,Femme,Ingenieur,47123
Denise Bean,49,Homme,Ingenieur,67547
Joshua Porter,31,Femme,Medecin,38197
Andrew Brown,35,Homme,Artiste,66468
Jeffrey Meadows,42,Femme,Artiste,60932
Alice Jackson,32,Homme,Enseignant,53727
William Gutierrez,56,Femme,Medecin,38099
David Yoder,25,Homme,Ingenieur,54528
Erin Jordan,40,Homme,Vendeur,66810
Natalie Acevedo,31,Femme,Vendeur,38099
Luke Rodgers,42,Homme,Artiste,88675
Melanie Thomas,28,Femme,Ingenieur,44083
Sydney Chase,27,Homme,Artiste,32092
Roger Lucero,23,Femme,Artiste,45505
Lisa Francis,47,Homme,Medecin,82120
Tyrone Mann,31,Femme,Vendeur,81657
Leah Thompson,48,Femme,Enseignant,66746
Rose Webb,20,Femme,Enseignant,39711
Jason Bullock,25,Femme,Vendeur,84562
Dorothy Williams,47,Femme,Medecin,95310
Jamie Gonzales,30,Femme,Ingenieur,78302
Rachel Rowe,55,Femme,Enseignant,68528
Alicia Johnson,29,Homme,Ingenieur,53061
Jessica Wells,53,Homme,Vendeur,68434
Autumn George,53,Homme,Enseignant,77677
Denise Reyes,23,Femme,Enseignant,34294
Caitlin Townsend,29,Homme,Medecin,35790
Raymond Sparks,31,Homme,Ingenieur,37956
Lori Young,25,Homme,Enseignant,36760
Mary Serrano,52,Femme,Vendeur,57113
Leah Nelson,50,Femme,Medecin,98345
Crystal White,52,Homme,Artiste,98578
Lori Watson,30,Femme,Vendeur,67422
Ruth Johnson,39,Homme,Vendeur,97736
Laura Conrad,23,Femme,Artiste,89860
Keith Bryan,55,Femme,Enseignant,90192
Dennis Robinson,23,Homme,Artiste,44319
Donna Lawrence,25,Homme,Artiste,94767
Todd Williams,20,Femme,Enseignant,86152
Corey Lyons,41,Homme,Medecin,67254
Glenda Delgado,50,Femme,Medecin,60355
Ann Smith,23,Homme,Enseignant,57113
Sandy Church,50,Homme,Enseignant,65191
Douglas Black,55,Femme,Medecin,76797
Paul Mitchell,52,Homme,Vendeur,43025
Elizabeth Davis,39,Femme,Enseignant,94414
Cheryl Richard,53,Femme,Artiste,86806
Anthony Sanders,37,Femme,Artiste,97519
Kristen Garner,20,Femme,Enseignant,48617
Kelsey Sheppard,20,Femme,Medecin,93392
Mark Fleming,21,Homme,Medecin,59885
Crystal Kramer,45,Homme,Ingenieur,98789
Troy Smith,54,Femme,Vendeur,66753
Gregory Hubbard,59,Homme,Medecin,78302
Brian Peterson,49,Homme,Enseignant,55199
Angel Lee,48,Homme,Vendeur,66753
Jonathan Johnson,47,Femme,Artiste,52492
Douglas Lopez,57,Homme,Medecin,32033
Jason Hart,39,Homme,Enseignant,88114
Melissa Ortiz,31,Homme,Ingenieur,84394
Christopher Miller,41,Femme,Ingenieur,66279
Christopher Solomon,24,Femme,Enseignant,75460
Mark Sutton,47,Homme,Enseignant,31619
Kelly Chambers,34,Homme,Medecin,38099
Heather Olson,50,Homme,Enseignant,39757
David Walls,24,Homme,Enseignant,49222
Debra Lee,27,Femme,Vendeur,67426
Julia Perez,55,Homme,Medecin,91696
Rodney Brown,40,Homme,Vendeur,97016
Justin Fernandez,48,Homme,Vendeur,65773
Ashley Peterson,51,Homme,Ingenieur,71810
Sharon Scott,50,Femme,Artiste,48161
William Salas Jr.,31,Femme,Ingenieur,67724
Tiffany Schmidt,59,Homme,Medecin,44558
Jennifer Pope,57,Homme,Vendeur,78574
Karen Ward,42,Femme,Artiste,62685
Amy Mathis,53,Femme,Vendeur,56644
Denise Paul,41,Femme,Artiste,63139
Matthew Choi,47,Homme,Artiste,92629
Jeffrey Lee,44,Homme,Medecin,38012
Joshua Lopez,50,Homme,Vendeur,84562
Kevin Glass,48,Femme,Vendeur,38099
Anne Snyder,52,Homme,Medecin,67483
Howard Singh,46,Femme,Ingenieur,99231
Aaron Walsh,51,Homme,Artiste,49809
Brian Leonard,26,Femme,Artiste,77864
Melissa Jacobs,48,Femme,Enseignant,48640
Bryan Mitchell,42,Homme,Medecin,80587
Jennifer Ramirez,49,Femme,Vendeur,64696
Devin Mckinney,45,Femme,Medecin,36578
Adrian Bailey Jr.,54,Homme,Ingenieur,99841
Jason Morales,48,Femme,Enseignant,63398
Patrick Frederick,58,Homme,Enseignant,67339
Jeffrey Weaver,37,Femme,Vendeur,79864
Elizabeth Glover,40,Homme,Ingenieur,56753
David Jones,32,Femme,Ingenieur,87963
Ashley Charles,33,Homme,Vendeur,95001
Madison Molina,58,Femme,Artiste,58811
Christopher Murray,50,Femme,Ingenieur,54613
Jennifer Garrett,50,Homme,Enseignant,92348
Joseph Munoz,37,Homme,Artiste,46641
George Kelly,41,Femme,Ingenieur,86065
Abigail Evans,40,Homme,Vendeur,76797
Joel Bradley,37,Homme,Artiste,36384
Michael Dickerson,38,Homme,Ingenieur,62911
Ryan Young,56,Homme,Enseignant,96575
Charles Brock,21,Homme,Artiste,35264
Andrew Franklin,33,Femme,Ingenieur,90794
Rebecca Guzman,33,Femme,Medecin,83756
Rachael Byrd,23,Homme,Vendeur,42111
Adam Jackson,51,Femme,Artiste,78751
David Powell,49,Femme,Medecin,60249
Julie Conrad,43,Femme,Vendeur,52765
Amanda Trujillo,46,Homme,Ingenieur,80623
Jeffrey Smith,37,Femme,Artiste,70665
Jay Bush,59,Homme,Artiste,35566
Stanley Santiago,38,Homme,Artiste,72716
Raymond Vargas,33,Femme,Vendeur,47841
Meghan Brooks,50,Homme,Ingenieur,94572
Ashley Randall,37,Femme,Medecin,60887
Peter Wilkins,26,Homme,Ingenieur,93929
Charles Adams,57,Femme,Medecin,81498
Rebecca Thomas,57,Femme,Enseignant,87526
Jennifer Johnson,39,Femme,Ingenieur,35074
Jessica Juarez,35,Homme,Artiste,97736
Lisa Downs,37,Homme,Medecin,43733
Tracy Martinez,30,Homme,Ingenieur,42485
Chris Williams,35,Homme,Artiste,52029
Gary Miller,20,Femme,Artiste,33119
Deborah French,53,Femme,Vendeur,99044
Lindsay Baker,38,Homme,Enseignant,82370
Sandra Campbell,38,Femme,Ingenieur,64562
Jacob Brown,26,Femme,Ingenieur,40241
Stephanie Carter,38,Femme,Medecin,86921
John Davis,45,Homme,Ingenieur,71937
Austin Parker,46,Femme,Medecin,88675
Cody Williams,49,Femme,Ingenieur,92182
Mary Vazquez,30,Homme,Medecin,64379
Bryan Young,60,Homme,Vendeur,80944
Steven Keith,31,Homme,Ingenieur,63398
Nicole Gardner,45,Femme,Artiste,59463
Jonathan Baldwin,41,Homme,Vendeur,95988
Anita Lang,46,Femme,Enseignant,44083
Caleb Carney,56,Homme,Medecin,45089
Valerie Woodward,33,Femme,Vendeur,80678
Leah Green,57,Femme,Enseignant,35566
Jared Jones,51,Femme,Artiste,42217
Ryan Wood,36,Homme,Vendeur,87526
Vanessa Miller,57,Femme,Medecin,68148
Sara Roberts,44,Homme,Enseignant,31114
John Hines,20,Femme,Vendeur,89334
Carl Brown,45,Femme,Medecin,82084
Rebecca Lloyd,33,Femme,Artiste,96954
Jerry Davis,21,Homme,Enseignant,82018
Amber Miller,27,Femme,Artiste,35043
Gina Carr,22,Homme,Ingenieur,53642
Terry Chang,21,Homme,Vendeur,44036
Sean Barrera,23,Femme,Artiste,75567
Kenneth Wagner,42,Homme,Vendeur,62218
Melissa Newman,35,Femme,Enseignant,60970
Michael Ramirez,45,Homme,Ingenieur,62936
Maria Jacobs,37,Homme,Ingenieur,79770
Sarah Taylor,34,Homme,Medecin,72672
Dr. Matthew Ryan,22,Homme,Ingenieur,32249
Denise Walker,39,Homme,Ingenieur,93832
Natalie Phillips,50,Femme,Medecin,87813
Kimberly Brown,21,Femme,Enseignant,72324
Mark Chavez,47,Homme,Vendeur,86522
Marcus Carter DVM,49,Homme,Vendeur,81498
Emily Burgess,24,Homme,Artiste,76086
Tony Wong,46,Homme,Ingenieur,47460
Seth Cox,42,Homme,Artiste,89474
Amanda Arroyo,52,Homme,Medecin,68149
Tina Graham,40,Femme,Artiste,61164
Brittney Wilson,33,Femme,Ingenieur,78871
Erin Hunt,33,Femme,Enseignant,46960
Nina Torres,59,Homme,Enseignant,88399
Jeremy Williams,50,Femme,Artiste,68369
Joseph Eaton,32,Homme,Artiste,35298
Jeffrey Flowers,38,Femme,Artiste,79796
Isaac Turner,56,Femme,Artiste,86862
Crystal Stewart,43,Homme,Vendeur,51633
Christina Hernandez,47,Femme,Vendeur,49622
David Jones,37,Femme,Artiste,41461
Jeremy King,48,Homme,Ingenieur,38276
Jill Murphy,49,Homme,Vendeur,91764
Brett Malone,36,Homme,Enseignant,58408
Beth Wolf,33,Homme,Artiste,90137
Lynn Scott,54,Femme,Enseignant,80401
Stacey Bruce,48,Femme,Enseignant,48652
Charles Stevenson,40,Homme,Artiste,44036
David Collins,42,Homme,Artiste,64810
Brett Spencer,54,Femme,Enseignant,55640
Eric Fuentes,27,Homme,Artiste,80412
Gilbert Miller,60,Homme,Artiste,94986
Ruben Mckinney,23,Homme,Artiste,35566
David Vasquez,55,Homme,Artiste,42676
Alicia Dean,32,Femme,Enseignant,47460
Joshua Wilson,52,Femme,Ingenieur,82120
John Baxter,38,Femme,Vendeur,89754
Katherine Schultz,39,Femme,Vendeur,46960
Anthony Hayes,41,Homme,Medecin,36814
Miguel Flores,34,Homme,Vendeur,32033
Rebecca Thomas,20,Femme,Artiste,89203
Dean Scott,27,Femme,Artiste,56725
Christine Shea,39,Femme,Artiste,76627
Shannon Mcdonald,33,Homme,Artiste,71848
Alex Knox,53,Homme,Medecin,82917
Julia Hernandez,36,Femme,Medecin,50601
Ronald Floyd,51,Homme,Vendeur,50631
Kristen Logan,52,Femme,Artiste,63268
Erin Graves,59,Homme,Vendeur,77864
Ms. Kristen Mason,53,Homme,Artiste,87053
Benjamin Daniel,25,Homme,Vendeur,67417
Frank Smith,29,Homme,Medecin,42083
Suzanne Levy,21,Femme,Ingenieur,43560
Ryan Bailey,37,Homme,Artiste,82917
Jason James,21,Femme,Enseignant,76317
Robert Wright,42,Femme,Artiste,82985
Lisa Adams,39,Femme,Vendeur,57047
Brian Schroeder,53,Homme,Medecin,98025
Brian Ramos,33,Homme,Medecin,96499
Kristin Hall MD,32,Homme,Medecin,70954
Toni Silva,51,Femme,Artiste,76851
Catherine Bishop,49,Homme,Artiste,63233
Gerald Roberson,37,Homme,Artiste,91683
Maria Hernandez,40,Femme,Ingenieur,37912
Aaron Walters,60,Femme,Ingenieur,48617
Teresa Wallace,53,Femme,Ingenieur,39388
Melinda Mcdonald,43,Femme,Medecin,77864
Cynthia Hardy,49,Femme,Medecin,72965
Jennifer Powers,40,Femme,Artiste,50267
Jodi Dawson,43,Femme,Medecin,64810
Joel Reese,51,Homme,Ingenieur,32033
Jessica Rich,60,Femme,Vendeur,46646
Lisa Stanley,45,Homme,Ingenieur,47841
Andrew Ward,43,Homme,Artiste,40348
Jacqueline Schmitt,36,Homme,Ingenieur,94986
Donald Anderson,50,Homme,Enseignant,96575
Deborah Walton,32,Femme,Artiste,71269
Michael Wilcox,45,Homme,Medecin,62301
Donald Gross,48,Homme,Medecin,83340
Jason Wagner,48,Femme,Vendeur,86572
Danny Fuller,49,Femme,Ingenieur,78091
Kathleen Fischer,44,Femme,Medecin,81169
Rachel Cardenas,60,Homme,Medecin,61474
Teresa Smith,56,Homme,Enseignant,90539
Donna Moore,39,Femme,Medecin,40242
Kyle Nguyen,46,Homme,Artiste,97361
Joshua Hines,32,Femme,Vendeur,55980
Jennifer Mcguire,31,Femme,Enseignant,52999
Richard Johnson,34,Femme,Medecin,79865
Anthony Taylor,20,Femme,Vendeur,74842
Donald Miller,28,Homme,Medecin,43425
Jennifer Hoffman,32,Femme,Medecin,95299
Jordan Vaughn,33,Femme,Vendeur,78734
Samuel Jacobs,45,Femme,Ingenieur,42116
Janet Williamson,43,Femme,Medecin,73614
Timothy Alvarado,47,Femme,Enseignant,76627
Tanya Martinez DVM,56,Femme,Artiste,93495
Carolyn Wiggins,50,Homme,Vendeur,99660
Brian White,31,Femme,Ingenieur,34894
Jessica King,49,Homme,Ingenieur,72670
Anne Hawkins,46,Femme,Medecin,76768
Toni Rodgers,55,Femme,Medecin,50338
Cindy Lee,50,Femme,Medecin,67483
Scott Fuller,29,Homme,Vendeur,82914
Kevin Friedman,27,Homme,Medecin,76086
Robert Garrison,60,Homme,Artiste,65734
Ashley Chambers,43,Homme,Artiste,42793
Edward Pearson,40,Femme,Vendeur,48528
Christopher Acosta,27,Femme,Enseignant,99420
Gina Chavez,43,Femme,Vendeur,96954
Amy Adams,54,Femme,Medecin,87927
Katherine Gibbs,20,Femme,Artiste,42381
Amy Rose,32,Femme,Enseignant,43772
Stephanie Torres,25,Homme,Medecin,97016
Pamela Hoffman,44,Femme,Ingenieur,30663
Gabriel Cantrell,52,Homme,Artiste,74440
Krystal Garrett,52,Femme,Medecin,80249
Elizabeth Knight,32,Femme,Vendeur,63398
Mario Reynolds,27,Femme,Enseignant,73468
Mitchell Pearson,54,Homme,Enseignant,72717
Crystal Williamson,51,Femme,Vendeur,47544
Dean Obrien,53,Homme,Ingenieur,88983
Grace Winters,23,Femme,Enseignant,60249
John White,21,Femme,Artiste,73615
Meagan Horn,30,Homme,Ingenieur,30985
Becky Cannon,34,Femme,Artiste,90030
Patricia Glover,46,Homme,Artiste,43733
Jessica Patel,29,Femme,Vendeur,79770
Sheila Barnes,45,Homme,Vendeur,31619
Troy Garcia,33,Femme,Ingenieur,41759
Henry Schwartz,55,Femme,Enseignant,97736
Amy Walker,36,Femme,Ingenieur,45914
Sydney Schmidt,35,Femme,Artiste,46218
Thomas Hughes,20,Homme,Medecin,58416
Tyler Tran,45,Homme,Vendeur,66091
Bruce Horton,54,Homme,Enseignant,33135
Natalie Williams,32,Homme,Medecin,39296
Jason White,23,Femme,Vendeur,33135
Ashley Goodwin,25,Homme,Ingenieur,88242
Christine Smith,38,Homme,Medecin,58795
David Lopez,46,Femme,Ingenieur,52466
Joshua Ray,39,Homme,Enseignant,97485
Ryan Brown,56,Homme,Vendeur,69449
Alexis Davis,33,Homme,Artiste,67598
George Miller,37,Homme,Medecin,87532
Edward Clark,31,Homme,Vendeur,48640
Kyle Miller,45,Homme,Ingenieur,54676
Whitney Grimes,47,Femme,Artiste,80249
Benjamin Johnson,33,Femme,Artiste,58608
Howard Ramirez,34,Femme,Enseignant,91251
Scott Smith,59,Femme,Ingenieur,97499
Holly Weeks,21,Homme,Artiste,47544
Hayden Sandoval,58,Femme,Medecin,77677
Brendan Baird,49,Femme,Artiste,49598
Cheyenne Atkinson,51,Homme,Vendeur,62256
Renee Price,33,Femme,Medecin,60512
Caroline Smith,54,Homme,Vendeur,32092
Brittney Fields,53,Femme,Enseignant,53252
Julie Humphrey,44,Femme,Enseignant,99847
Helen Lawson,41,Femme,Ingenieur,86522
Jennifer Mcclain,34,Homme,Ingenieur,95689
Caleb Jensen,55,Homme,Ingenieur,86229
Katie Miles,45,Femme,Enseignant,90539
Joshua Mccarty,56,Femme,Ingenieur,76797
Amy Smith,24,Femme,Ingenieur,88650
John Mayo,33,Femme,Medecin,90564
Kevin Curry,45,Femme,Vendeur,74920
Marisa Medina,54,Femme,Enseignant,54709
Monica White,54,Femme,Artiste,64341
Katherine Graham,29,Homme,Medecin,42111
Janet Hunt,34,Homme,Medecin,93495
Julia Walker,32,Homme,Ingenieur,77854
Timothy Miller,27,Homme,Artiste,83340
John Stevens,41,Homme,Medecin,61164
Mark Hutchinson,23,Homme,Ingenieur,79826
Ryan Baker,54,Homme,Ingenieur,40953
Craig Jordan,30,Homme,Enseignant,86152
Jacob Schmidt,31,Homme,Enseignant,67054
Jessica Krueger,39,Homme,Ingenieur,88399
Sara Gonzales,54,Femme,Medecin,63027
Victor Norris,56,Homme,Artiste,46702
Billy Mitchell,28,Femme,Artiste,90794
Sandra Williamson,29,Homme,Ingenieur,80772
Tiffany White,44,Homme,Vendeur,86979
Todd Brown,29,Femme,Medecin,94414
Miss Angela Garza,45,Femme,Ingenieur,48652
Sandra Kelly,35,Homme,Vendeur,48632
David Henderson,46,Femme,Enseignant,60804
Ricky Glenn,48,Femme,Medecin,41759
Eric Davis,41,Femme,Artiste,35264
Lisa Smith,56,Homme,Ingenieur,81978
Ruben Kidd,38,Femme,Vendeur,38099
Dr. Michelle Roberts,38,Homme,Ingenieur,30243
Brian White,44,Femme,Ingenieur,67547
Donald Buckley,48,Homme,Vendeur,70814
Nicole Moody,23,Femme,Medecin,56644
Christine Davis,45,Homme,Vendeur,56644
David Rice,26,Homme,Enseignant,61422
Stacey Klein,60,Homme,Enseignant,96632
Stephanie Crawford,57,Homme,Ingenieur,58716
Kimberly Griffin,34,Femme,Artiste,59463
Richard Marshall,36,Femme,Vendeur,97508
Jessica Cooper,38,Femme,Vendeur,38098
Thomas Bishop,44,Homme,Artiste,80623
Vanessa Stone MD,57,Homme,Ingenieur,79826
Amy Hernandez,49,Femme,Artiste,42459
David Mcconnell,58,Homme,Artiste,94993
Christy Nguyen,49,Homme,Vendeur,84102
Karen Haynes MD,29,Femme,Ingenieur,76627
Jennifer Solis,27,Femme,Enseignant,48875
Sandra Wagner,55,Femme,Medecin,78703
Lauren Rios,39,Homme,Ingenieur,56753
Judith Anderson,31,Femme,Medecin,42460
Christopher Woodward,50,Homme,Ingenieur,84928
Doris Campbell,44,Femme,Ingenieur,70195
Natalie Hughes,51,Femme,Medecin,69637
John Bowman,34,Homme,Artiste,64795
Jordan Crawford,33,Homme,Ingenieur,78785
Christopher Ortiz,54,Femme,Medecin,90057
Alicia Haley,21,Femme,Medecin,81880
Amanda Jones,38,Femme,Medecin,75567
Justin Bradley,34,Homme,Medecin,42459
Patricia Johnson,53,Homme,Enseignant,78078
John Fisher,23,Homme,Medecin,98025
Vanessa Valentine,34,Homme,Ingenieur,83964
Jennifer Martinez,56,Homme,Vendeur,94997
Laura Matthews,30,Homme,Enseignant,95342
Natasha Campbell,33,Femme,Vendeur,38376
Mitchell Holland,38,Femme,Vendeur,42152
Laura Black,36,Homme,Enseignant,90539
Melanie Bell,58,Femme,Ingenieur,81978
Bonnie Hernandez,47,Homme,Artiste,90744
Scott Brooks,24,Homme,Medecin,61329
Matthew Mason,48,Femme,Enseignant,92348
Jennifer Santos,57,Femme,Vendeur,33034
Alicia Johnson,49,Femme,Ingenieur,89321
Maria Lawrence,30,Homme,Vendeur,60531
Andrew Kelley,50,Homme,Ingenieur,68593
David Marsh,49,Homme,Artiste,95299
Teresa Brown,31,Homme,Ingenieur,71553
Robert Jones,40,Homme,Artiste,65191
Vincent Santos,45,Femme,Ingenieur,98345
Juan Gentry,53,Homme,Artiste,86095
Timothy Holloway,48,Homme,Enseignant,80386
Elizabeth Ford,31,Femme,Medecin,80330
Trevor Howell,58,Femme,Enseignant,39956
Paul Vasquez,40,Homme,Ingenieur,81880
